model,threshold,accuracy,precision,recall,f1,roc_auc,avg_precision
LogReg,0.5,0.9875,1.0,0.98,0.98989898989899,0.9986666666666667,0.9992307692307693
RandomForest,0.5,1.0,1.0,1.0,1.0,1.0,1.0
