feature,mean_abs_shap
hemo,0.09276811050176151
sc,0.07286433275246773
sg,0.07117646229762721
pcv,0.06877950171032156
al,0.046749001975443794
htn,0.041515793622465075
dm,0.028994181594258234
rbcc,0.025625393158916494
bgr,0.019034801257294932
sod,0.0187767962923066
bu,0.011686408127335783
appet,0.006664492497602352
bp,0.004832285345337329
su,0.004489712888055258
pot,0.004185882641237406
